"","B","NK","CD4T","CD8T","Mono","Neutro","Eosino"
"GSM1007129",0,0.0244035205545331,0.135463714431325,0,0,0.840132765014142,0
"GSM1007130",0.00367284057498945,0.113484511282697,0.280058842698319,0.113436536974263,0,0.489347268469731,0
"GSM1007131",0,0.0414967748471185,0.0380610653268159,0.0308125022227528,0.00969704888190977,0.879932608721403,0
"GSM1007132",0,0.0991003397367048,0.21196864928812,0,0,0.688931010975175,0
"GSM1007133",0,0.108367916011876,0.296612581559399,0,0,0.595019502428725,0
"GSM1007134",0.0203977951244806,0.00375375162188093,0.250398722360167,0.0811053809549297,0,0.644344349938542,0
"GSM1007135",0,0.0210791293876782,0.0954595282403715,0.0738177884976891,0,0.809643553874261,0
"GSM1007136",0,0.0681256636756474,0.275122989020409,0,0.0140755076211216,0.642675839682821,0
"GSM1007137",0,0.00388605932253101,0.146852329015193,0.152699608626099,0,0.696562003036177,0
"GSM1007138",0,0.154514837347582,0.260033287889279,0,0.0393930600995859,0.546058814663553,0
"GSM1007139",0,0.069358233036911,0.13065478250488,0,0,0.799986984458209,0
"GSM1007140",0,0.0934710316873328,0.237377925682752,0,0,0.669151042629915,0
"GSM1007141",0,0.0471643310881241,0.246767656667717,0.0254327636427597,0,0.6806352486014,0
"GSM1007142",0.0026754339109477,0,0.0116560927806021,0.233137641531536,0.0290753851675599,0.723455446609355,0
"GSM1007143",0,0.0694907488375541,0.150656626160735,0,0,0.779852625001711,0
"GSM1007144",0,0.0657086957703623,0.0580732822868463,0.0589135382133839,0,0.817304483729407,0
"GSM1007145",0,0.012623872547674,0.169320655826989,0.0741513151718656,0,0.743904156453472,0
"GSM1007146",0,0,0,0.165818597702148,0.0182966811757975,0.815884721122054,0
"GSM1007147",0,0.0195175022574533,0.130133694410368,0.110614026229511,0,0.739734777102668,0
"GSM1007148",0.00779122111398503,0,0.0635416827199249,0.159278024119546,0.0231195438987775,0.746269528147767,0
"GSM1007149",0,0,0.0270166448591479,0.230505879415326,0,0.742477475725526,0
"GSM1007150",0.0452408736120376,0,0.0730315772117485,0.184053469461353,0,0.697674079714861,0
"GSM1007151",0,0,0.0632342991763259,0.0720712216775201,0.0363244041710018,0.828370074975152,0
"GSM1007152",0,0,0,0.245352503979838,0,0.754647496020162,0
"GSM1007153",0,0.102514034947889,0.0939275703390235,0.0127239940660068,0,0.790834400647081,0
"GSM1007154",0,0.118691901625283,0.110612169982391,0.113084340260408,0.0536150196015487,0.603996568530369,0
"GSM1007155",0.118657664630322,0,0.119593018724732,0.210828320157871,0.00399802734380297,0.546922969143273,0
"GSM1007156",0,0.191631782625379,0.254353393923173,0,0,0.554014823451449,0
"GSM1007157",0.0815172041597928,0.177077928594993,0.437111815669908,0,0,0.304293051575306,0
"GSM1007158",0.0756918039062311,0.00703900126149878,0.0640113180271875,0.0437743283922609,0,0,0.809483548412822
"GSM1007159",0.0750667089693476,0.0870847346726031,0.335933361854474,0.16052779235085,0.0197580391804148,0.321629362972311,0
"GSM1007160",0,0.0877532309319695,0.0972427890903463,0.136636058140968,0.0450979716805069,0.633269950156209,0
"GSM1007161",0,0,0.0581954173888286,0.0626360512884844,0.0187591361666732,0.860409395156014,0
"GSM1007162",0,0,0,0.098138550268322,0.012167698578467,0.889693751153211,0
"GSM1007163",0.0118334911397509,0.0215333407686583,0.182630931747109,0.118321636231431,0,0.665680600113051,0
"GSM1007164",0.0813021324060157,0.00335601316101329,0.138724750816222,0.201502093849537,0.0259104982192503,0.549204511547962,0
"GSM1007165",0.0840970899620955,0.0474991216412013,0.184317334878788,0,0,0.684086453517915,0
"GSM1007166",0,0.111215253910562,0.30598507850901,0,0,0.582799667580428,0
"GSM1007167",0,0.053720806253624,0.195380985897402,0.0150583675339265,0.0254599301139899,0.710379910201058,0
"GSM1007168",0,0,0,0.126655345657317,0,0.873344654342683,0
"GSM1007169",0,0.00971142436818667,0.104179925980497,0.0818550314631097,0.00788205984614281,0.796371558342064,0
"GSM1007170",0,0.0304261246633934,0.151752477822099,0,0,0.817821397514508,0
"GSM1007171",0.0312231103567984,0.00399754667815755,0.204167052300083,0.102178429982511,0,0.65843386068245,0
"GSM1007172",0.00517875661381948,0,0.123501895015627,0.0609897700105787,0.00856362049346393,0.801765957866511,0
"GSM1007173",0.0865161750332797,0.0669409887021979,0,0.288940684494874,0.207434533560773,0,0.350167618208876
"GSM1007174",0,0,0,0.206024434005188,0,0.793975565994812,0
"GSM1007175",0.0470391087650575,0.116199010260522,0.237961540627864,0.00573783180958171,0,0.593062508536975,0
"GSM1007176",0.00469421177472547,0,0.114407645625191,0.225634127802512,0.0219752131403905,0.633288801657181,0
"GSM1007177",0.0353298419266624,0.13158750726557,0.274132957634308,0,0,0.55894969317346,0
"GSM1007178",0.00952673370742932,0,0.149010788199678,0.0611284478514086,0,0.780334030241484,0
"GSM1007179",0.0276361656690018,0.0946522416342416,0.135504980819227,0,0.00122384511913215,0.740982766758397,0
"GSM1007180",0,0.076667594458672,0.146018487005662,0,0,0.777313918535666,0
"GSM1007181",0,0.0818489992201638,0.15740693573885,0.000442628267586204,0,0.760301436773401,0
"GSM1007182",0,0.0703251550362076,0.109709276867407,0,0,0.819965568096385,0
"GSM1007183",0.0163483806302611,0.00229046914031774,0.0344311113971298,0.0684514793921931,0,0.878478559440098,0
"GSM1007184",0,0.103571560908415,0.129477538255736,0,0,0.766950900835849,0
"GSM1007185",0,0.0942000078609113,0.115779934030925,0.017879970194767,0,0.772140087913396,0
"GSM1007186",0.00399553153551494,0.0303657404029581,0.0894100574736432,0.00920179177341137,0,0.867026878814472,0
"GSM1007187",0,0.0583711868638207,0.113493150147364,0,0.0165088068137692,0.811626856175046,0
"GSM1007188",0,0.119176406455702,0.133791993161614,0,0,0.747031600382684,0
"GSM1007189",0,0.0954263413391228,0.317264214515332,0.0309799001428015,0.0506277112150166,0.505701832787728,0
"GSM1007190",0,0,0.108068857480065,0.18496678416259,0.051322768274469,0.655641590082876,0
"GSM1007191",0.00867362090934815,0.081000401876197,0.203567583581118,0.127875961336714,0.000628684602213588,0.57825374769441,0
"GSM1007192",0.00195973307017872,0.00600159205707948,0.0923727546387632,0.140644369638439,0,0.759021550595539,0
"GSM1007193",0,0.0198083914410844,0,0.0602371355013989,0,0.919954473057517,0
"GSM1007194",0.0242651395183595,0.0497284555875742,0.154882158238897,0.0186173683078838,0,0.752506878347286,0
"GSM1007195",0,0.0605564337115028,0.140409062874116,0,0,0.799034503414381,0
"GSM1007196",0,0,0,0.116662948895931,0,0.883337051104069,0
"GSM1007197",0,0,0,0.161426458737311,0,0.838573541262689,0
"GSM1007198",0,0,0.064271422648369,0.104897452734968,0,0.830831124616663,0
"GSM1007199",0,0.00164768284614659,0.137310635514334,0.0975831302781153,0,0.763458551361404,0
"GSM1007200",0,0.103942995485732,0.231610882173343,0.0601946607512917,0.0292197214307699,0.575031740158863,0
"GSM1007201",0,0.133557409366808,0.153308207159011,0.00486841533696682,0,0.708265968137215,0
"GSM1007202",0.0233444443407656,0,0,0.32361404127601,0.03728383334048,0.615757681042745,0
"GSM1007203",0,0.0344114531448401,0.188518324158047,0.0270784871245934,0,0.74999173557252,0
"GSM1007204",0.0258571902268691,0.0888997357027234,0.117892931667893,0.178975118416505,0,0.588375023986009,0
"GSM1007205",0.00674255912819394,0.0469162167467158,0.129238654024385,0,0,0.817102570100706,0
"GSM1007206",0,0.20523426529001,0.242874127345149,0,0,0.544684533711924,0.00720707365291628
"GSM1007207",0,0,0.205087668667268,0.180709464454276,0.0256601744005785,0.588542692477878,0
"GSM1007208",0,0.0582816251841891,0.0772606977588184,0,0,0.864457677056992,0
"GSM1007209",0,0.0719858094680253,0.116917080483181,0.0553690254650675,0,0.755728084583727,0
"GSM1007210",0,0.00308761169090922,0,0.104301824389108,0.0187550861527946,0.873855477767188,0
"GSM1007211",0.00737822266707163,0.0443602168397258,0.113539393094958,0.132807409688591,0.00382752713060367,0.69808723057905,0
"GSM1007212",0,0.037640256230852,0.197777745224505,0.0550973840174576,0.00903872723187574,0.700445887295309,0
"GSM1007213",0.018521692798946,0.0358080233045703,0.126254355823725,0,0,0.819415928072759,0
"GSM1007214",0,0.0600040274906534,0.168306228263418,0.0104386275684661,0,0.761251116677462,0
"GSM1007215",0,0.0498230821564424,0.085140199637626,0,0,0.865036718205932,0
"GSM1007216",0,0,0,0.202230679218034,0,0.797769320781966,0
"GSM1007217",0.0217162821820656,0.0362235832734536,0.169811668280024,0.0195213154463193,0,0.752727150818138,0
"GSM1007218",0,0,0.0151113270156399,0.0442715501657752,0,0.940617122818585,0
"GSM1007219",0.0310275448361677,0,0.0554852650657793,0.190095300504073,0.0168905549803338,0.706501334613646,0
"GSM1007220",0.0168176621587555,0,0.171249392866167,0.295938147116835,0.00606401901879311,0.50993077883945,0
"GSM1007221",0,0,0,0.177959137199196,0,0.822040862800804,0
"GSM1007222",0.0129045852781447,0.048201492102386,0.119766399268241,0,0,0.819127523351228,0
"GSM1007223",0,0.0317427940045304,0.0896043240785892,0,0,0.87865288191688,0
"GSM1007224",0,0.0288747512190472,0.0664902630204025,0,0,0.90463498576055,0
"GSM1007225",0,0.0647038755223501,0.0588104703138821,0.190457057919328,0,0.686028596244439,0
"GSM1007226",0,0,0.0329911067028884,0.192183473020082,0.0266631749204528,0.748162245356576,0
"GSM1007227",0,0.0654724410397125,0.110273398639119,0,0,0.824254160321169,0
"GSM1007228",0,0.0316295801769298,0.156778410077816,0.0151993602649851,0,0.796392649480269,0
"GSM1007229",0,0.0308018490537648,0.138125163480246,0.0157089196998753,0.0413356208137856,0.774028446952329,0
"GSM1007230",0,0.0583285166569421,0.126673883888574,0,0,0.814997599454484,0
"GSM1007231",0,0,0.0702791286074122,0.135501012415241,0,0.794219858977346,0
"GSM1007232",0,0.0810046900797623,0.100062143917165,0.014848872108185,0.0145414014339875,0.7895428924609,0
"GSM1007233",0,0.0269710928604313,0.148447505931876,0.0559192500677939,0,0.768662151139898,0
"GSM1007234",0.0133757947573109,0.0826847602794908,0.0512453530194822,0.0270048172453876,0,0.825689274698328,0
"GSM1007235",0,0,0,0.156068729844888,0,0.843931270155112,0
"GSM1007236",0.000939964798714705,0.062085820847479,0.144187908644344,0.0373702221939326,0.01073633992829,0.74467974358724,0
"GSM1007237",0.168773751963513,0.312087311543673,0.346591294002943,0,0,0,0.172547642489871
"GSM1007238",0,0,0.0612050149792645,0.064581359597065,0,0.87421362542367,0
"GSM1007239",0,0.0212088098269951,0.14186990441148,0.00243563055415301,0,0.834485655207372,0
"GSM1007240",0,0.0640318868752199,0.0531093088013546,0.087489043108558,0,0.795369761214868,0
"GSM1007241",0,0.062572683824031,0.0947599630302318,0.0318393282575052,0,0.810828024888232,0
"GSM1007242",0.0283692859823451,0,0,0.216758861226427,0.000858429359777402,0.75401342343145,0
"GSM1007243",0,0.0543025965324716,0.194902995234531,0.0283366519688602,0.0065651638023264,0.715892592461811,0
"GSM1007244",0.0124312314462058,0.0202924880743637,0.0853268072507668,0.0442744313701515,0,0.837675041858512,0
"GSM1007245",0,0.0867507539654957,0.180160304092083,0.107333206163231,0.00708320105798946,0.618672534721201,0
"GSM1007246",0,0.0750133975752652,0.103320459723489,0.0241663215944117,0,0.797499821106834,0
"GSM1007247",0,0.00333278317992795,0.136849800906921,0.0892413510170175,0,0.770576064896134,0
"GSM1007248",0,0,0,0.208705551298175,0,0.791294448701825,0
"GSM1007249",0,0.0893394414830313,0.0971109629451115,0,0,0.813549595571857,0
"GSM1007250",0,0.0330216655242698,0,0.11414903162903,0,0.8528293028467,0
"GSM1007251",0,0.124588560869864,0.0688062695029868,0,0,0.80660516962715,0
"GSM1007252",0,0.175843181865622,0.186533403082858,0,0,0.63762341505152,0
"GSM1007253",0,0.131658051191012,0.0378275661873225,0.0218873709730436,0,0.808627011648621,0
"GSM1007254",0,0.0620215049091215,0.101822183857119,0.0234096599921893,0,0.81274665124157,0
"GSM1007255",0,0.0471383091740467,0.0517098979781516,0.0910345033204385,0,0.810117289527363,0
"GSM1007256",0,0.0710613373436086,0.0535518316799608,0.0749486823159696,0,0.800438148660461,0
"GSM1007257",0.00508439783571239,0.0328701326915619,0,0.0571393545787927,0,0.904906114893933,0
"GSM1007258",0,0.155550894415499,0.0826302567407965,0,0,0.761818848843705,0
"GSM1007259",0.00107811201023349,0.0638067262748087,0.108351896729502,0,0,0.826763264985456,0
"GSM1007260",0.0550179315451388,0.00736483405399634,0.102166959861019,0.0138281777459737,0,0.821622096793872,0
"GSM1007261",0,0,0.192904701125285,0.168151097213627,0.00741178820196384,0.631532413459125,0
"GSM1007262",0,0,0,0.148173583276315,0,0.851826416723685,0
"GSM1007263",0,0.0641671985252459,0.158065907807104,0.0772521332777275,0,0.700514760389922,0
"GSM1007264",0,0.0158333571023971,0,0.114968342093534,0,0.869198300804069,0
"GSM1007265",0,0.121786853109986,0.171873107387853,0.0129368142227451,0,0.693403225279416,0
"GSM1007266",0,0.134853253373568,0.105478707218713,0.0182751016444476,0,0.741392937763272,0
"GSM1007267",0,0,0.0393443105893726,0.0566595314868986,0.0063396755727817,0.897656482350947,0
"GSM1007268",0,0.0286731701828939,0.0636406312337037,0.0399015935332644,0,0.867784605050138,0
"GSM1007269",0.0502349067857485,0.0846403194398149,0.21416838914003,0.06269482566931,0,0.588261558965097,0
"GSM1007270",0,0.00398763413167486,0.070633027558859,0.0752430425800082,0,0.850136295729458,0
"GSM1007271",0,0.172874142904208,0.222827920432943,0,0,0.604297936662849,0
"GSM1007272",0,0.0538516023962923,0.160556105746786,0,0,0.785592291856922,0
"GSM1007273",0.0218492085273884,0.0194372016197587,0.217902694704223,0.0547476752371087,0,0.686063219911521,0
"GSM1007274",0.000337817073702338,0.0424737521200184,0.123279547610398,0.00312618136079747,0,0.830782701835084,0
"GSM1007275",0,0.0776199457940411,0.126103106410152,0,0,0.796276947795806,0
"GSM1007276",0,0.0834249421166905,0.0405351186954002,0.148131036845158,0,0.727908902342752,0
"GSM1007277",0,0,0,0.155933531295643,0,0.844066468704357,0
"GSM1007278",0,0.0312288326490406,0.0567457680302264,0.0886902007490413,0.00877332028799127,0.814561878283701,0
"GSM1007279",0,0.0772043313949412,0.118812135308491,0,0,0.803983533296568,0
"GSM1007280",0,0,0.0741677696559784,0.0260601875015232,0,0.899772042842498,0
"GSM1007281",0.0228812990557425,0.0475429631007649,0.11768320033971,0.0119279277736802,0,0.799964609730102,0
"GSM1007282",0.0194647824025859,0.036872974175067,0.0562000920558993,0.0015554676738259,0,0.885906683692622,0
"GSM1007283",0,0.0715535925216196,0.0977069724438775,0.00987031681805742,0,0.820869118216446,0
"GSM1007284",0,0,0.0317375928107721,0.131715460515118,0,0.83654694667411,0
"GSM1007285",0.0553954922753283,0.0273251553587084,0.0512065096298429,0.0433750166266435,0.0013770758000476,0.821320750309429,0
"GSM1007286",0,0.0679404426994233,0.227670305531158,0,0,0.704389251769419,0
"GSM1007287",0,0,0,0.200145500303571,0.0279864875226707,0.771868012173759,0
"GSM1007288",0,0.0481444283993755,0.11592799332861,0.122842327884989,0.0182156229992828,0.694869627387742,0
"GSM1007289",0.00318838083936788,0,0.0777353556618172,0.2388431196214,0,0.680233143877415,0
"GSM1007290",0,0.126633168257174,0.217950980303477,0,0,0.655415851439349,0
"GSM1007291",0.00756210836480731,0.038840501606481,0.213392263777091,0.0238245698810949,0.0104689251814839,0.705911631189042,0
"GSM1007292",0,0.0446217919346751,0.144569581967758,0.050708233651398,0,0.760100392446168,0
"GSM1007293",0,0,0.0216770003504016,0.262024800334775,0,0.716298199314824,0
"GSM1007294",0,0.0938172661994546,0.262817942464928,0,0,0.643364791335618,0
"GSM1007295",0,0.0543204713850891,0.180772117089866,0.0181749394191483,0,0.746732472105897,0
"GSM1007296",0,0,0,0.15742985963393,0,0.84257014036607,0
"GSM1007297",0.00546809348064699,0.0734354319358024,0.309099043283754,0,0,0.611997431299797,0
"GSM1007298",0.00172995686284242,0.114116948319188,0.169763823548313,0,0,0.714389271269657,0
"GSM1007299",0,0.0752557993156547,0.0697698552764429,0.0531820093096285,0,0.801792336098274,0
"GSM1007300",0.0237202785933978,0.0589764229675848,0.0790050386433877,0.0481561899336486,0,0.790142069861981,0
"GSM1007301",0.0248086090365753,0.0723856581371482,0.110960375070299,0,0,0.791845357755977,0
"GSM1007302",0,0.0134643368976053,0.054650870565599,0.0468717728880592,0,0.885013019648737,0
"GSM1007303",0,0.0327557561789737,0,0.0612172133817212,0,0.906027030439305,0
"GSM1007304",0,0.052231277910015,0.0304776693503144,0.121089252066253,0,0.796201800673418,0
"GSM1007305",0,0.119101383953578,0.129018099672497,0,0,0.751880516373925,0
"GSM1007306",0,0.0943412228660971,0.0956506075903092,0,0,0.810008169543594,0
"GSM1007307",0,0,0,0.215560812877352,0,0.784439187122648,0
"GSM1007308",0,0.0483928925860713,0.150734105302086,0,0,0.800873002111842,0
"GSM1007309",0.0820485739176529,0.0303663617489739,0.138504266619977,0.0638730479634057,0,0.68520774974999,0
"GSM1007310",0.00480990593323981,0.0835154409576222,0.146606533982459,0,0,0.765068119126679,0
"GSM1007311",0,0.0934659473641656,0.188301447079628,0,0,0.718232605556206,0
"GSM1007312",0,0.0559996357617333,0.144963840853743,0,0,0.799036523384523,0
"GSM1007313",0,0.0661183546561732,0.119415217292187,0.0393868285933386,0,0.775079599458301,0
"GSM1007314",0,0.00309351228652017,0.0591176181373344,0.0646040863817016,0.000940449820222433,0.872244333374221,0
"GSM1007315",0.00482824606651474,0.071548830098066,0.171628686903367,0.0332117305791661,0.00474130285529677,0.71404120349759,0
"GSM1007316",0.0371551341318864,0,0.0951077725829418,0.0340480138555813,0,0.833689079429591,0
"GSM1007317",0,0.0140622200130674,0.0465955368050484,0.117635512472251,0,0.821706730709633,0
"GSM1007318",0.0317645281879944,0.0544033194609074,0.225132438909386,0,0,0.688699713441712,0
"GSM1007319",0,0.0275234072068782,0.00935367578639884,0.103109879408911,0,0.860013037597812,0
"GSM1007320",0,0.0912320662723394,0.122556609192353,0,0,0.786211324535308,0
"GSM1007321",0.00897369269084188,0.123483426818171,0.151410723789376,0.0874678411626965,0.0772525828543437,0.551411732684571,0
"GSM1007322",0,0,0,0.241479740275479,0,0.758520259724521,0
"GSM1007323",0,0.0408553069899518,0.0676233876153403,0.181258306357511,0,0.710262999037197,0
"GSM1007324",0,0.0388871651441429,0.13515345974073,0.0980306942210283,0.0267383521478708,0.701190328746228,0
"GSM1007325",0,0.107149325722515,0.16451205680852,0,0,0.728338617468965,0
"GSM1007326",0,0.0204798822940205,0.0803740582143454,0.0138413032028008,0,0.885304756288833,0
"GSM1007327",0,0.0714153728605877,0.174894411919979,0.00273603049782133,0,0.750954184721612,0
"GSM1007328",0,0.164694770250238,0.0911127876832231,0.010829125535921,0,0.733363316530617,0
"GSM1007329",0,0.018893467860003,0.054224146775541,0.0205283114519487,0,0.906354073912507,0
"GSM1007330",0,0,0,0.182906291000814,0,0.817093708999186,0
"GSM1007331",0,0.132610002615537,0.247883499624769,0,0,0.619506497759694,0
"GSM1007332",0.0129031279663824,0,0.092965880817065,0.164174675918047,0,0.729956315298505,0
"GSM1007333",0.0357891630304348,0,0.21434998978152,0.240057813293332,0.0168935240245086,0.492909509870204,0
"GSM1007334",0,0.0484948070165976,0.138475618732823,0.00925875413117827,0,0.803770820119401,0
"GSM1007335",0.000863011954407242,0.0996575109874498,0.131997443390176,0,0.0130750944316512,0.754406939236316,0
"GSM1007336",0,0.00612869108874244,0.217654201539922,0.0640671940511855,0.0165072713179612,0.695642642002189,0
"GSM1007337",0,0,0.169646224646918,0.160273297426984,0,0.670080477926098,0
"GSM1007338",0.0198295957247709,0,0.0269371375272784,0.0419819375198593,0,0.911251329228091,0
"GSM1007339",0,0,0,0.11837479083031,0,0.88162520916969,0
"GSM1007340",0,0,0.124886437703699,0.204551745362581,0,0.67056181693372,0
"GSM1007341",0.0169591241136653,0,0.162140978191351,0.176505459182898,0,0.644394438512086,0
"GSM1007342",0,0.0049414833405951,0.110088060259368,0.0616222083822889,0,0.823348248017748,0
"GSM1007343",0.00484360576574333,0,0.129912818606411,0.346411060699275,0.0493228143825033,0.469509700546068,0
"GSM1007344",0,0,0.0162099381721008,0.144047864470998,0,0.839742197356901,0
"GSM1007345",0.198985958922543,0.000867039766205202,0,0.14238878398778,0,0.657758217323472,0
"GSM1007346",0,0.0179053671177681,0.0603499305891285,0,0,0.921744702293103,0
"GSM1007347",0.00128904860083228,0.0560842901488105,0.0897903956432596,0.108187227101078,0,0.74464903850602,0
"GSM1007348",0.0277747757837256,0.0237917495735732,0.106893895880281,0.0272230748364471,0,0.814316503925973,0
"GSM1007349",0,0.121577293742382,0.201511000653199,0,0,0.676911705604419,0
"GSM1007350",0.00026182106788078,0.14529735459609,0.266216587835919,0,0,0.58822423650011,0
"GSM1007351",0.06315442175256,0,0,0.193014809849134,0,0.743830768398306,0
"GSM1007352",0.0182177539080757,0.0737823758753977,0.167952327441214,0.037577628834479,0,0.702469913940833,0
"GSM1007353",0,0.0776379433589218,0.12070823796424,0.085979058163234,0,0.715674760513605,0
"GSM1007354",0.0297798356366322,0.128168906755289,0.177847279485932,0.00706554982154289,0,0.657138428300604,0
"GSM1007355",0,0.0568153457142933,0.0895293773676255,0.0811680503795707,0,0.772487226538511,0
"GSM1007356",0.119468593391966,0.0257150294869789,0.0875069057742325,0.0359334522626487,0,0.731376019084174,0
"GSM1007357",0.0069405587846571,0.0409179037336206,0.19047088038026,0.0799745133961388,0,0.681696143705324,0
"GSM1007358",0.0077090690532086,0.109948998682889,0.190640937434335,0,0,0.691700994829567,0
"GSM1007359",0,0.0866039632922332,0.179714029564405,0,0,0.733682007143362,0
"GSM1007360",0,0.122490448930422,0.174728451719768,0,0,0.70278109934981,0
"GSM1007361",0.00823862963700271,0.0833439509269988,0.247706488564929,0,0,0.660710930871069,0
"GSM1007362",0,0.123057761773532,0.142299003920081,0,0,0.734643234306388,0
"GSM1007363",0,0,0,0.126385563540225,0,0.873614436459775,0
"GSM1007364",0.0456070052143977,0.106193858957872,0.205707220792499,0.0340508468993179,0.0194762280463006,0.588964840089613,0
"GSM1007365",0,0.0953605023944076,0.182367860054209,0,0,0.722271637551384,0
"GSM1007366",0,0.124871590030387,0.179379566478935,0,0.003759896036843,0.691988947453836,0
"GSM1007367",0.0737807110162327,0.0341040809564288,0.065430307018157,0.196259837734906,0.018669108578133,0.611755954696142,0
"GSM1007368",0,0.0963287876880126,0.167356299242873,0,0.0120061599065361,0.724308753162578,0
"GSM1007369",0.0289758683463376,0.0746879342597678,0.125646213755584,0.00663176627771529,0,0.764058217360595,0
"GSM1007370",0.0119234130962205,0.0901872048012072,0.222538822610591,0,0,0.675350559491981,0
"GSM1007371",0,0.170864283123358,0.18180283920449,0,0,0.647332877672151,0
"GSM1007372",0,0.20686491799538,0.196659694754397,0,0,0.596475387250222,0
"GSM1007373",0,0.138462263876112,0.113800669805387,0,0,0.747737066318501,0
"GSM1007374",0,0,0.0351020750958861,0.116134398986671,0,0.848763525917443,0
"GSM1007375",0.0496463481840085,0.161170515060875,0.315640042932512,0.0739240116701552,0,0.39961908215245,0
"GSM1007376",0,0.150009047586074,0.170900946106247,0.0368652838630302,0,0.642224722444649,0
"GSM1007377",0,0.146099731940977,0.121956175670063,0,0,0.73194409238896,0
"GSM1007378",0,0.0550208817150148,0.111977550639919,0,0,0.833001567645066,0
"GSM1007379",0.0340835079124146,0.116440095554565,0.207033865265833,0,0,0.642442531267187,0
"GSM1007380",0.0188305466918219,0,0.13185474340887,0.161785047496787,0,0.687529662402522,0
"GSM1007381",0.00667051073512948,0.116120751495001,0.215657975219889,0.0967645126331059,0,0.564786249916875,0
"GSM1007382",0.000684996042158789,0,0.123113952396264,0.155022422785016,0,0.721178628776562,0
"GSM1007383",0,0.0318976588340619,0.107803208505494,0.130192345778113,0,0.730106786882332,0
"GSM1007384",0,0.124892295442964,0.128599660144018,0,0.0171476560328089,0.729360388380209,0
"GSM1007385",0,0.0170142844653378,0.00530443034105882,0.123664201067364,0.00632904968346084,0.847688034442778,0
"GSM1007386",0.0256630827253164,0,0.0190987451456026,0.132415190479127,0,0.822822981649954,0
"GSM1007387",0.0166902118593885,0,0.0575759173273659,0.167643005339285,0,0.758090865473961,0
"GSM1007388",0,0.0617841997484982,0.0995578820215137,0,0.0120391139043944,0.826618804325594,0
"GSM1007389",0,0.0855793201099093,0.186363799693903,0.0344073643909156,0,0.693649515805272,0
"GSM1007390",0,0.0287005403477182,0.111207010567543,0.172890259615692,0.00860556315525799,0.678596626313788,0
"GSM1007391",0.0567459370291959,0.0089994189588487,0.107437489959313,0.0738438382709166,0,0.752973315781726,0
"GSM1007392",0,0.0226009772762734,0.0829065884904242,0.157966551137848,0,0.736525883095455,0
"GSM1007393",0,0.0295608352692083,0.153949783621292,0.0229295488556042,0,0.793559832253895,0
"GSM1007394",0.0814169992433691,0,0.0268390465407625,0.0717319721364819,0,0.820011982079386,0
"GSM1007395",0,0,0,0.121433853295484,0,0.878566146704516,0
"GSM1007396",0,0.0634938917603186,0,0.0555980439808642,0,0.880908064258817,0
"GSM1007397",0,0.0696100541722416,0.17317184242618,0,0,0.757218103401578,0
"GSM1007398",0,0.0940958617232112,0.0765902978998033,0.000859564450005361,0,0.82845427592698,0
"GSM1007399",0.00554197616193999,0.0389562514690277,0.0651550334664501,0.116848469776577,0,0.773498269126005,0
"GSM1007400",0,0,0.0472152641187119,0.088300710349417,0,0.864484025531871,0
"GSM1007401",0.0285513908695552,0,0.131721618859547,0.0693105678174327,0,0.770416422453465,0
"GSM1007402",0,0.0175386069714848,0.0209040766775196,0.104029042297689,0,0.857528274053306,0
"GSM1007403",0,0.0489434729073144,0.0971266862479891,0.0452291485868796,0,0.808700692257817,0
"GSM1007404",0,0.0830330240598723,0.0975962446672724,0,0,0.819370731272855,0
"GSM1007405",0,0,0.0214026823846973,0.316409626284063,0,0.66218769133124,0
"GSM1007406",0,0.0796742634822147,0.116815439112873,0,0,0.803510297404912,0
"GSM1007407",0.0624045833373918,0.0103061358315645,0.0843475919911683,0.0945851329014064,0.00135958060169749,0.746996975336772,0
"GSM1007408",0,0,0,0.138072671198278,0,0.861927328801722,0
"GSM1007409",0,0.0932463312049231,0.230351711442811,0,0,0.676401957352266,0
"GSM1007410",0,0.16543207211884,0.143974445627148,0,0,0.690593482254012,0
"GSM1007411",0,0.138004978759137,0.11547870259222,0,0,0.746516318648643,0
"GSM1007412",0,0.0423439361019119,0.0770571474821711,0.0425326407172883,0,0.838066275698629,0
"GSM1007413",0.0171436651165561,0.0176503627850975,0.122444047465331,0.149812613750857,0,0.692949310882158,0
"GSM1007414",0,0.0930385777085803,0.0956476167427943,0.135710227185542,0.0203870172822101,0.655216561080873,0
"GSM1007415",0,0.0220840798264388,0.113853964755443,0.133523337350945,0,0.730538618067173,0
"GSM1007416",0,0.0478257071962608,0.100667102418905,0,0,0.851507190384834,0
"GSM1007417",0,0.00718879821846924,0.0897633385433211,0.121254073957419,0,0.78179378928079,0
"GSM1007418",0,0.0146376857344684,0,0.107332564180652,0,0.87802975008488,0
"GSM1007419",0,0,0,0.124932610234028,0,0.875067389765972,0
"GSM1007420",0.00367038473812425,0.0607141717252235,0.228783551137033,0.0249116422765547,0,0.681920250123065,0
"GSM1007421",0,0.0900468683045801,0.231438677233335,0,0,0.678514454462084,0
"GSM1007422",0,0.0315914693374095,0.117390219758783,0.143005317969659,0,0.708012992934149,0
"GSM1007423",0,0,0,0.257431856094379,0,0.742568143905621,0
"GSM1007424",0,0,0.0357220573558591,0.141624344572389,0,0.822653598071752,0
"GSM1007425",0,0.0538892226487739,0.272287919432518,0.0257681727125096,0.0192180842908739,0.628836600915325,0
"GSM1007426",0,0.036806164908017,0.191337222054706,0.111140594994854,0,0.660716018042423,0
"GSM1007427",0.00770315158899187,0.0374670845579339,0.11317587103641,0.0143059032314126,0.00259839109369555,0.824749598491556,0
"GSM1007428",0,0.0539255964397042,0.205473047010781,0.0231592162761987,0,0.717442140273316,0
"GSM1007429",0,0,0,0.196451807811803,0.022867441220605,0.780680750967592,0
"GSM1007430",0,0,0.0511205535529212,0.313973448671723,0,0.634905997775356,0
"GSM1007431",0.0159384297244757,0.128210517296688,0.194650218708233,0.0403993690877116,0,0.620801465182891,0
"GSM1007432",0,0,0,0.243946691105724,0,0.756053308894276,0
"GSM1007433",0,0.0196807085529616,0.0420070350660073,0.171385825328849,0.0500392506337722,0.71688718041841,0
"GSM1007434",0,0.055123195198097,0.0928835494112877,0,0,0.851993255390615,0
"GSM1007435",0.0131623520359074,0,0.0770271594401433,0.12401309998272,0,0.785797388541229,0
"GSM1007436",0,0,0.0232580210679109,0.223909532771964,0.0120855179324127,0.740746928227712,0
"GSM1007437",0,0,0.0452854554108369,0.163873623936963,0.0398984030932477,0.750942517558952,0
"GSM1007438",0,0,0,0.131534425243426,0,0.868465574756574,0
"GSM1007439",0.0196406482924731,0,0.0533370280485445,0.290443648862682,0,0.6365786747963,0
"GSM1007440",0,0.0628732593152105,0.192900282296566,0.0187528538297832,0,0.72547360455844,0
"GSM1007441",0,0.0757330452149525,0.222192534520923,0,0.0184146139535757,0.683659806310549,0
"GSM1007442",0.0100670589479433,0.0750603201866249,0.272441286068311,0.028375195610497,0,0.614056139186624,0
"GSM1007443",0,0.179717400035967,0.205094528256313,0,0,0.61518807170772,0
"GSM1007444",0,0.0503755566360485,0.156302935462493,0.101413553006473,0.0136541153579194,0.678253839537065,0
"GSM1007445",0,0.0634557492746454,0.150973677194867,0,0,0.785570573530487,0
"GSM1007446",0,0.0870025776272047,0.0460386743843534,0.126337187028654,0.0443507785006405,0.696270782459148,0
"GSM1007447",0,0,0.0494734261561648,0.253932967685411,0.112023839430412,0.584569766728012,0
"GSM1007448",0,0.09666444374947,0.348074715906895,0,0,0.555260840343635,0
"GSM1007449",0.0672485052303594,0.0208046408937567,0.108170579339919,0.193868183190487,0.0438258287950844,0.566082262550394,0
"GSM1007450",0,0,0.0708736580644663,0.183363440185002,0.0565805596220633,0.689182342128469,0
"GSM1007451",0,0.0951995611254333,0.108920044884847,0.00428128326733336,0.0146370035960279,0.776962107126359,0
"GSM1007452",0.00196001227377249,0,0.111373997264214,0.0642009816530959,0,0.822465008808918,0
"GSM1007453",0,0.0121444157277547,0.144229070202711,0,0,0.843626514069534,0
"GSM1007454",0,0.118348799052223,0.132629062989947,0,0,0.749022137957829,0
"GSM1007455",0,0.0376998445601706,0.128182084384591,0.00351427411810958,0,0.830603796937129,0
"GSM1007456",0,0.0810030997748204,0.107176185571219,0.0140671195168029,0,0.797753595137157,0
"GSM1007457",0,0.136644484722243,0.134073555823264,0,0,0.729281959454493,0
"GSM1007458",0,0.136380932170115,0.159127264533888,0,0,0.704491803295997,0
"GSM1007459",0,0.0757926828863186,0.0543377701071208,0.0737450440301988,0.00757951650321019,0.788544986473152,0
"GSM1007460",0,0.124114650579328,0.133645437793612,0,0.0368021414544126,0.705437770172647,0
"GSM1007461",0,0.0119557318839689,0.157818596546695,0.0918925067754147,0,0.738333164793922,0
"GSM1007462",0,0.154258838076408,0.156942955230237,0,0,0.688798206693354,0
"GSM1007463",0,0.125009015131054,0.174579373452298,0,0,0.700411611416648,0
"GSM1007464",0,0.104173100923289,0.107329091588392,0,0,0.788497807488319,0
"GSM1007465",0,0.0371046275780944,0.120066155075722,0.0503292966412858,0,0.792499920704897,0
"GSM1007466",0,0.0708531126057643,0.162417507749844,0,0,0.766729379644392,0
"GSM1007467",0,0.075386669038372,0.178651804160596,0,0,0.745961526801032,0
"GSM1007468",0,0.0437299473377506,0.0831901421010608,0.0474178340845962,0,0.825662076476592,0
"GSM1007469",0,0,0,0.168800989230409,0.00789906772394099,0.82329994304565,0
"GSM1007470",0,0.0605028718082576,0.16785936278113,0,0,0.771637765410612,0
"GSM1007471",0.0142726395589983,0.125141189364748,0.205512852206323,0,0.0090780703245209,0.64599524854541,0
"GSM1007472",0,0,0.0748287631794554,0.231559796228482,0.023586631593221,0.670024808998842,0
"GSM1007473",0,0.0291079893111134,0.143633263768345,0.21531214461691,0.00509409624881645,0.606852506054815,0
"GSM1007474",0,0,0.0380962712018033,0.118845208730634,0,0.843058520067563,0
"GSM1007475",0,0,0.0105093084076102,0.117666798544573,0,0.871823893047817,0
"GSM1007476",0,0.018159168402321,0.0299155985987466,0.300407635783504,0,0.651517597215429,0
"GSM1007477",0.0592230293614742,0,0.134835749144468,0.27945970656008,0,0.526481514933977,0
"GSM1007478",0,0.0178438615626943,0.0912831886874183,0.0260460530947711,0,0.864826896655116,0
"GSM1007479",0,0,0.136011976395826,0.190539157967645,0.00923994485871444,0.664208920777815,0
"GSM1007480",0.0105059190286802,0.0255255644928817,0.22692100335344,0.168425641773336,0.019915580714839,0.548706290636823,0
"GSM1007481",0,0.0475436539212665,0.114451197712321,0,0,0.838005148366412,0
"GSM1007482",0.0250742162568831,0.134751527981069,0.123533387409942,0.0405182806291385,0,0.676122587722967,0
"GSM1007483",0,0.0755483048187258,0.129574013942044,0,0,0.79487768123923,0
"GSM1007484",0,0.103102115918328,0.161466261069059,0.00720045711532037,0.0252428610758386,0.702988304821454,0
"GSM1007485",0.00207473724474628,0,0.0648006822731654,0.164582153456313,0.0379320936422772,0.730610333383499,0
"GSM1007486",0,0,0,0.182341287600375,0,0.817658712399625,0
"GSM1007487",0,0.0605509006659296,0.136860417326859,0.0174719484985409,0.0466307620291932,0.738485971479478,0
"GSM1007488",0,0,0,0.141477354842829,0,0.858522645157171,0
"GSM1007489",0.0403656978627924,0.0541465353813513,0.173466214634959,0,0,0.732021552120897,0
"GSM1007490",0,0.17356444484771,0.195243440207317,0,0,0.631192114944973,0
"GSM1007491",0,0.113050878977204,0,0.0576226357368332,0,0.829326485285963,0
"GSM1007492",0,0.0375495931403217,0.131775971251573,0.0611595853647846,0,0.769514850243321,0
"GSM1007493",0,0.161373302058505,0.132127923445479,0,0,0.706498774496016,0
"GSM1007494",0,0.152471237882212,0.157451865631194,0,0,0.690076896486594,0
"GSM1007495",0,0.0588297594607787,0.124024435196227,0,0,0.817145805342994,0
"GSM1007496",0,0.0745253852988263,0.107982817903046,0,0,0.817491796798128,0
"GSM1007497",0,0.0958891660561801,0.154767055367462,0,0,0.749343778576358,0
"GSM1007498",0,0,0.0487059283318707,0.156615550761706,0,0.794678520906423,0
"GSM1007499",0,0.137823388980931,0.175504937438887,0,0,0.686671673580182,0
"GSM1007500",0,0.0757244791031495,0.127988160366134,0,0,0.796287360530716,0
"GSM1007501",0,0.105617515268221,0.175885488687288,0,0,0.71849699604449,0
"GSM1007502",0,0.113913645902893,0.109353563330324,0,0,0.776732790766783,0
"GSM1007503",0,0.0948243091514863,0.216855299402082,0,0.0157603461998078,0.672560045246624,0
"GSM1007504",0.0414906971263118,0.0615448089577468,0.0975555985127849,0.0208192212467001,0,0.778589674156456,0
"GSM1007505",0,0.08445700770469,0.121653559426848,0,0,0.793889432868462,0
"GSM1007506",0,0.167815697136069,0.197551958698886,0,0,0.634632344165045,0
"GSM1007507",0,0.041371393589371,0,0.0672633985655687,0,0.89136520784506,0
"GSM1007508",0.0275215615125423,0.0970334127274405,0.195495302574,0.0672813371628494,0,0.612668386023168,0
"GSM1007509",0,0.0934716105551795,0.167039683656822,0,0,0.739488705787999,0
"GSM1007510",0,0.0324070868748101,0.0476655433204183,0,0,0.919927369804772,0
"GSM1007511",0,0.191604058646804,0.233289041658281,0,0.00518445919267203,0.569922440502242,0
"GSM1007512",0,0.0277277523745568,0.0842280937898603,0.0095166235183145,0,0.878527530317268,0
"GSM1007513",0,0.170741359099079,0.149178296164739,0.00284003062275011,0.000401317781637017,0.676838996331795,0
"GSM1007514",0,0,0,0.114874393449034,0,0.885125606550966,0
"GSM1007515",0,0.0470280106250456,0.141043057930017,0,0.0101322130557067,0.801796718389231,0
"GSM1007516",0,0.190216089956478,0.202304913214537,0,0,0.607478996828985,0
"GSM1007517",0,0.158573365765529,0.0543330993026684,0,0,0.787093534931802,0
"GSM1007518",0.00219936399235326,0.0429381120731327,0.132481466545775,0.19791167223668,0,0.624469385152059,0
"GSM1007519",0,0.097919095647956,0.112875684426561,0,0,0.789205219925483,0
"GSM1007520",0,0.0540443402374605,0.130175357399655,0.103437300346508,0,0.712343002016377,0
"GSM1007521",0,0.104399353021502,0.236818374607711,0,0,0.658782272370787,0
"GSM1007522",0,0.00828404406947014,0.130545725838553,0.15333026768175,0.00375779016630544,0.704082172243922,0
"GSM1007523",0,0.17117175242611,0.122599069393503,0,0,0.706229178180387,0
"GSM1007524",0,0.0249444404298959,0.0728271941780343,0.226776628924967,0.0290061486842738,0.646445587782829,0
"GSM1007525",0,0.141949394299752,0.189214739662106,0,0,0.668835866038142,0
"GSM1007526",0,0,0,0.0993283996938418,0,0.900671600306158,0
"GSM1007527",0,0.00676150110822636,0.0106900903764464,0.14739255539734,0,0.835155853117988,0
"GSM1007528",0,0.0830188334762191,0.0632691536040132,0,0,0.853712012919768,0
"GSM1007529",0,0.0980664243014437,0.175194370708728,0.0677336993195307,0.0344029720525709,0.624602533617727,0
"GSM1007530",0,0.148369075336128,0.143499252124387,0,0,0.708131672539485,0
"GSM1007531",0,0.0593614263154459,0.118814417322525,0.0172840964260182,0,0.804540059936011,0
"GSM1007532",0,0.104026193757459,0.124617521920467,0,0,0.771356284322074,0
"GSM1007533",0,0.129794304766388,0.0733879029547854,0,0,0.796817792278827,0
"GSM1007534",0.00368094693288086,0.0165959081616116,0.0998510988163314,0.141245057667004,0.0271640974259241,0.711462890996248,0
"GSM1007535",0,0.10608710146931,0.10090089856026,0,0,0.79301199997043,0
"GSM1007536",0,0.0431902558770263,0,0.168717214564859,0,0.788092529558115,0
"GSM1007537",0,0.165704012538113,0.204724074655282,0,0,0.629571912806605,0
"GSM1007538",0,0.145656541724856,0.16817947165566,0,0,0.686163986619484,0
"GSM1007539",0,0.0970435400337546,0.0623637225164288,0.0975896922964907,0,0.743003045153326,0
"GSM1007540",0,0.121432775347467,0.203221273397802,0,0.0273935513115601,0.647952399943171,0
"GSM1007541",0,0.0912553211534547,0.0748672653501758,0.0719335602155481,0,0.761943853280821,0
"GSM1007542",0,0.0470720791002276,0.119580722903266,0,0,0.833347197996506,0
"GSM1007543",0,0.067774192267731,0,0.0352131784143236,0,0.897012629317945,0
"GSM1007544",0,0.158715615532705,0.223724436432221,0,0,0.617559948035074,0
"GSM1007545",0,0.129532700531448,0.117987315233333,0,0,0.752479984235219,0
"GSM1007546",0,0.173100419149315,0.138842445640717,0.047737883310938,0.023260219235393,0.617059032663636,0
"GSM1007547",0,0.162089124732414,0.0330951094473421,0,0,0.804815765820244,0
"GSM1007548",0,0.120227336889009,0.171195280216425,0,0,0.708577382894565,0
"GSM1007549",0,0,0,0.130837165291204,0,0.869162834708796,0
"GSM1007550",0,0.05868523717272,0.128754469250808,0,0.0294111432993495,0.783149150277122,0
"GSM1007551",0.0139264094934294,0.0730137936439952,0.180874470529199,0.043766538959114,0,0.688418787374262,0
"GSM1007552",0,0.157711445477348,0.198343754348407,0,0,0.643944800174244,0
"GSM1007553",0,0.102223799492839,0.0771118181649876,0,0,0.820664382342173,0
"GSM1007554",0,0.145071372122234,0.118511597262719,0,0,0.736417030615047,0
"GSM1007555",0,0.00938705521098262,0.0158384740983342,0.103555496297647,0,0.871218974393037,0
"GSM1007556",0,0,0.047159564974037,0.129659312077598,0,0.823181122948365,0
"GSM1007557",0,0.0876328335377433,0.0979419812619889,0,0,0.814425185200268,0
"GSM1007558",0,0.0211511765782042,0.0490688580800762,0.0254986390371935,0,0.904281326304526,0
"GSM1007559",0,0.106949684967087,0.157164787471959,0,0,0.735885527560953,0
"GSM1007560",0,0,0,0.0969699824217021,0,0.903030017578298,0
"GSM1007561",0,0.0297553057368668,0.0521995513454674,0,0,0.918045142917666,0
"GSM1007562",0,0.0514464513756042,0.0762553628334064,0,0,0.872298185790989,0
"GSM1007563",0,0.111381685924667,0.159813676858671,0.0270310891036984,0,0.701773548112964,0
"GSM1007564",0,0.184314959851088,0.177200115271158,0,0.0580688341640062,0.580416090713748,0
"GSM1007565",0,0.0371670262873363,0.160168487017969,0.0429582805663838,0.00549118376941368,0.754215022358898,0
"GSM1007566",0,0.16174720724079,0.135621989717082,0,0,0.702630803042128,0
"GSM1007567",0,0.0496425185530925,0.219042346436723,0.0375071565436969,0.0147579505660963,0.679050027900392,0
"GSM1007568",0,0.0645336719651349,0.0964156678439655,0.0123635710714135,0,0.826687089119486,0
"GSM1007569",0,0.21242724685165,0.273065387569774,0.00493269747034264,0.0311489654926145,0.478425702615619,0
"GSM1007570",0,0,0.0132420322970337,0.24196586701754,0.0482457048880983,0.696546395797328,0
"GSM1007571",0,0.0727505633238675,0.150345704316784,0,0.00288728192143206,0.774016450437916,0
"GSM1007572",0,0.128229012163453,0.254636054307797,0.0187024595090608,0.0566057214134064,0.541826752606282,0
"GSM1007573",0,0.140662381393299,0.167578743755311,0,0,0.69175887485139,0
"GSM1007574",0,0.065341101061493,0.0428960760207909,0.0307370582885136,0,0.861025764629203,0
"GSM1007575",0,0.0763768181299233,0.0796002234809042,0.0121984234057855,0,0.831824534983387,0
"GSM1007576",0.0133106438419958,0.135618175163515,0.214543870809758,0,0,0.636527310184732,0
"GSM1007577",0.0264418675451463,0.114951022608692,0.184589614758683,0,0,0.674017495087479,0
"GSM1007578",0,0.0533594377701526,0,0.103687780432776,0,0.842952781797071,0
"GSM1007579",0,0.135798784254833,0.102349318987003,0.0645926045022842,0,0.69725929225588,0
"GSM1007580",0,0.10021622096284,0.0699946552054199,0.0621152030997179,0,0.767673920732022,0
"GSM1007581",0,0.0522321121796353,0.0243206878289865,0.138758742414669,0,0.784688457576709,0
"GSM1007582",0,0.207855774547511,0.175722918781517,0.0408968160899135,0,0.575524490581059,0
"GSM1007583",0,0.0912851992512654,0.03898605703401,0,0,0.869728743714725,0
"GSM1007584",0,0.0981796696321047,0.107889070661955,0.0371576386620058,0,0.756773621043935,0
"GSM1007585",0.00502281416568301,0.125402704904052,0.203897941628413,0,0,0.665676539301852,0
"GSM1007586",0,0.0322433594323017,0.017069024666412,0.145421394190641,0,0.805266221710645,0
"GSM1007587",0.00925070181832046,0.227140743397876,0.284133533665517,0.0581638934333718,0.00380223777875108,0.417508889906163,0
"GSM1007588",0,0.157084246666966,0.119609797210815,0,0,0.723305956122219,0
"GSM1007589",0,0.0505184208812024,0.0192067450249301,0,0,0.930274834093867,0
"GSM1007590",0,0.0840540974479063,0.174126985872433,0.0514860938615084,0.00959513422134527,0.680737688596807,0
"GSM1007591",0,0,0.0358502336994094,0.0994216664134803,0,0.86472809988711,0
"GSM1007592",0,0.05610887105237,0.122142756828817,0.0882600103277704,0,0.733488361791043,0
"GSM1007593",0,0.194227583258858,0.159850812437561,0,0,0.645921604303581,0
"GSM1007594",0,0.0744968733601937,0.194720075447584,0.0395496230848597,0.0252818420078791,0.665951586099483,0
"GSM1007595",0,0.132351823623585,0.0853326050014787,0.014349327575263,0,0.767966243799674,0
"GSM1007596",0,0,0,0.20958206898519,0,0.79041793101481,0
"GSM1007597",0,0.0489199495160333,0.110732083357238,0.0405678493885444,0.000255891607279666,0.799524226130905,0
"GSM1007598",0,0.0582586480489143,0.0705110449544332,0,0,0.871230306996652,0
"GSM1007599",0,0.0988681236377725,0.0871613676396371,0.0852666515554191,0,0.728703857167171,0
"GSM1007600",0,0.122614017958078,0.124025366930612,0.00726825341571082,0,0.746092361695599,0
"GSM1007601",0,0.0755900528679127,0.169324098886015,0,0,0.755085848246072,0
"GSM1007602",0,0.0785519565928389,0.0602128490622046,0.0127857892682484,0,0.848449405076708,0
"GSM1007603",0.0353024454787834,0.019435469084132,0.0716410344170521,0.0456635190596063,0,0.827957531960426,0
"GSM1007604",0,0.14627411558515,0.133598300879937,0,0,0.720127583534914,0
"GSM1007605",0,0.0585328252729809,0.183299402030558,0,0,0.758167772696462,0
"GSM1007606",0,0.0376058303700376,0.0293573886851365,0.112929890782147,0,0.820106890162679,0
"GSM1007607",0,0.151613558692208,0.191160085476613,0.0451803274134627,0.031184359832618,0.580861668585099,0
"GSM1007608",0,0.0660349615098479,0.189085937177016,0.15301722177238,0.0240086490980175,0.567853230442739,0
"GSM1007609",0,0.0966976313991025,0.162585404102492,0,0,0.740716964498405,0
"GSM1007610",0,0.169808127309619,0.0738807756214499,0,0,0.756311097068931,0
"GSM1007611",0,0.219198596744082,0.158906062477871,0,0,0.621895340778048,0
"GSM1007612",0,0.189470253692522,0.0911647494761544,0,0,0.719364996831324,0
"GSM1007613",0,0.135393925707862,0.0865395767045853,0,0,0.778066497587553,0
"GSM1007614",0,0.271563790711594,0.103603347991338,0,0,0.624832861297068,0
"GSM1007615",0,0.151609771829886,0.114926821338952,0,0,0.733463406831161,0
"GSM1007616",0,0.148643341592212,0.0639233482453082,0,0,0.787433310162479,0
"GSM1007617",0,0.0631353072669063,0.227789259351845,0.0207136027325955,0,0.688361830648654,0
"GSM1007618",0,0.236382251837933,0.145397416632826,0,0,0.618220331529242,0
"GSM1007619",0,0.221701331150264,0.138028500785745,0,0,0.640270168063992,0
"GSM1007620",0,0.10745081166114,0.157135299169503,0,0,0.735413889169357,0
"GSM1007621",0,0,0,0.134614543690808,0,0.865385456309192,0
"GSM1007622",0,0,0.031052770675164,0.209464647222835,0.00808219996978429,0.751400382132217,0
"GSM1007623",0.0567342869794845,0.0169193222763691,0.171494496710492,0.140189306705971,0.0130848055211576,0.601577781806525,0
"GSM1007624",0,0.0764210647051151,0.160463114399215,0,0,0.76311582089567,0
"GSM1007625",0,0,0.058284006165598,0.224181883836661,0,0.717534109997741,0
"GSM1007626",0,0,0.0514006736209646,0.137304244791944,0.0100903595079658,0.801204722079126,0
"GSM1007627",0,0,0,0.0877667950169104,0,0.91223320498309,0
"GSM1007628",0,0.0204648271315926,0.113795351846317,0,0.00044068349126288,0.865299137530827,0
"GSM1007629",0,0.0910895722581058,0.139517119157782,0.128212668886898,0.0304450831845127,0.610735556512702,0
"GSM1007630",0,0.0146774290379571,0.0392890875599101,0.0863207766040827,0,0.85971270679805,0
"GSM1007631",0,0.18506573145254,0.156407193959813,0,0,0.658527074587647,0
"GSM1007632",0,0.0541972311579927,0.10198461039676,0,0,0.843818158445247,0
"GSM1007633",0,0.0893963057152442,0.0231779412695041,0.0730068943560355,0,0.814418858659216,0
"GSM1007634",0,0.143486585585743,0.091408666628408,0.0375539409974396,0,0.727550806788409,0
"GSM1007635",0,0.0840554429424154,0.174807252244415,0.0778278264671233,0,0.663309478346047,0
"GSM1007636",0,0.102341360607774,0.101223091427784,0,0,0.796435547964442,0
"GSM1007637",0,0.0740662081070834,0.0346448158969809,0.00426779652913081,0,0.887021179466805,0
"GSM1007638",0,0.0663422878688337,0.0954902129740529,0.0312693811838637,0,0.80689811797325,0
"GSM1007639",0,0.100822937413104,0.0241893677218392,0,0,0.874987694865057,0
"GSM1007640",0.0345673569905429,0.061880135825812,0.0832282254139416,0.166837523444475,0,0.653486758325229,0
"GSM1007641",0,0.124418681846436,0.108251949974321,0,0,0.767329368179243,0
"GSM1007642",0,0.0635660612761448,0.13856864785735,0.0901740502056764,0,0.707691240660829,0
"GSM1007643",0,0.0904036309641769,0.0798731925903088,0.0325171438818348,0,0.79720603256368,0
"GSM1007644",0,0,0.0213610499374091,0.187165720114394,0,0.791473229948197,0
"GSM1007645",0.0292568201187272,0.0846004097852824,0.0847370973339072,0,0,0.801405672762083,0
"GSM1007646",0.0301996143825622,0.138004160172084,0.174022104453649,0,0,0.657774120991705,0
"GSM1007647",0,0.183544960143482,0.104415278246565,0,0,0.712039761609954,0
"GSM1007648",0,0.0228332156200698,0,0.0629001969333434,0,0.914266587446587,0
"GSM1007649",0.0147351478438632,0.0270144860987467,0.0419147109674422,0.091751746967076,0,0.824583908122872,0
"GSM1007650",0,0.150077389385314,0.115420622740649,0,0,0.734501987874037,0
"GSM1007651",0,0.137540875685549,0.0259311781221517,0.00195164503904364,0,0.834576301153256,0
"GSM1007652",0,0.220313099181905,0.140977407816139,0,0,0.638709493001956,0
"GSM1007653",0,0.193497987152561,0.116908954808551,0,0,0.689593058038887,0
"GSM1007654",0,0.209503384938527,0.148192878492744,0,0,0.642303736568729,0
"GSM1007655",0.0177654289383224,0.0521817541238937,0.0313455328051282,0.10413256370354,0,0.794574720429116,0
"GSM1007656",0,0.0814096300417746,0.0744371315406584,0,0,0.844153238417567,0
"GSM1007657",0,0.14983968266143,0.164911258790164,0,0,0.685249058548406,0
"GSM1007658",0,0.165700463060537,0.316934343519911,0.028217128818682,0.0450738205865467,0.444074244014323,0
"GSM1007659",0.000688990813915033,0.0662539357923746,0.106169918578733,0.0821373738096424,0,0.744749781005335,0
"GSM1007660",0,0.197666080070958,0.197272569676719,0.00901688327185683,0.00803640871701339,0.588008058263453,0
"GSM1007661",0,0.0959455170989214,0.237105879517923,0.00487609845025946,0.0577620376604015,0.604310467272495,0
"GSM1007662",0.0440325643078537,0.0311248256045322,0.170939746510343,0.172334265818112,0,0.581568597759159,0
"GSM1007663",0,0.068204998746792,0,0.0505882251261378,0,0.88120677612707,0
"GSM1007664",0,0.0580963641807583,0.0196587914138689,0.0684450362217735,0,0.853799808183599,0
"GSM1007665",0,0.0084903746008663,0.0357760164811451,0.102469545977872,0,0.853264062940116,0
"GSM1007666",0,0.0105868602830035,0.104185689255431,0.106794521625783,0,0.778432928835783,0
"GSM1007667",0,2.23203561483831e-07,0.0234572719996884,0.165204631370145,0.0173078461981436,0.794030027228461,0
"GSM1007668",0,0.155177695556646,0.245247795433716,0,0,0.599574509009638,0
"GSM1007669",0,0.0811093435503503,0.128929857314154,0.0112101740078591,0,0.778750625127636,0
"GSM1007670",0,0.227858404273482,0.230387965615011,0,0,0.541753630111507,0
"GSM1007671",0.00785836687715827,0.162213903587788,0.143151951654708,0,0,0.686775777880346,0
"GSM1007672",0,0.10178241356209,0.0525555739797122,0.0747017942369037,0.0054964617968202,0.765463756424474,0
"GSM1007673",0,0.196456484517702,0.137915433950202,0.024029625301025,0,0.641598456231071,0
"GSM1007674",0,0.0541378780299306,0.102107185830748,0.0383157660256013,0,0.80543917011372,0
"GSM1007675",0.00118206949641486,0.0602298618894493,0.143170966656404,0.0850432640594045,0,0.710373837898328,0
"GSM1007676",0.0115715645766683,0.0904941810170748,0.123780314653314,0.00544678778461205,0,0.768707151968331,0
"GSM1007677",0,0.106839333141998,0.182433448064257,0,0,0.710727218793745,0
"GSM1007678",0,0,0.00301916551061335,0.169799634717043,0.00958479693726737,0.817596402835076,0
"GSM1007679",0,0.0991868918605951,0.129655126467864,0.00383052167698924,0,0.767327459994551,0
"GSM1007680",0,0.0125109405477496,0.064107737984738,0,0.0346838608020439,0.888697460665468,0
"GSM1007681",0,0,0,0.0950389022805896,0,0.90496109771941,0
"GSM1007682",0,0.144318611673121,0.100276564014298,0,0,0.755404824312582,0
"GSM1007683",0,0.0626237013048805,0.179708050932971,0.0819888670993467,0,0.675679380662802,0
"GSM1007684",0,0.0635199648793333,0.11537360139845,0.0918802352064019,0,0.729226198515815,0
"GSM1007685",0,0.0131263243541556,0.0340820473148623,0.0900124177056166,0,0.862779210625366,0
"GSM1007686",0,0.201731651338481,0.163794826345885,0,0,0.634473522315633,0
"GSM1007687",0,0.010504033759419,0,0.134306076926359,0,0.855189889314222,0
"GSM1007688",0,0.115441117344408,0.0783099849476115,0,0,0.806248897707981,0
"GSM1007689",0,0.135095016729092,0.150121143653733,0.0857544104677081,0.034674493147143,0.594354936002324,0
"GSM1007690",0,0.0872069022448408,0.00325978362442096,0,0,0.909533314130738,0
"GSM1007691",0,0.150502060659991,0,0,0,0.849497939340009,0
"GSM1007692",0,0.210111257785346,0.208544369632293,0,0,0.581344372582361,0
"GSM1007693",0,0.0861000288109202,0.122420329143468,0,0,0.791479642045612,0
"GSM1007694",0,0.121457160012969,0.102117212265456,0,0,0.776425627721575,0
"GSM1007695",0,0.12836449451924,0.214132177891066,0.0217156646268946,0.000241932105355955,0.635545730857443,0
"GSM1007696",0,0,0,0.117871296120973,0,0.882128703879027,0
"GSM1007697",0,0.086459914329084,0.0814528253060687,0.0169438714661104,0,0.815143388898737,0
"GSM1007698",0,0.102837123217153,0.13626026511505,0,0,0.760902611667797,0
"GSM1007699",0,0.159768579610272,0.195895547436915,0,0.0127056927516736,0.63163018020114,0
"GSM1007700",0,0.133150624470641,0.111530641412857,0,0,0.755318734116502,0
"GSM1007701",0,0.0790372408969358,0.0605575984550224,0.0778077411790929,0.0175880475717186,0.76500937189723,0
"GSM1007702",0,0.019346518808968,0.0361704940690947,0.0567183093085133,0,0.887764677813424,0
"GSM1007703",0,0.063314706861987,0.188278551044226,0.0549974622174242,0,0.693409279876363,0
"GSM1007704",0,0.0835420181523026,0.0345434814066777,0,0,0.88191450044102,0
"GSM1007705",0,0.153925389977041,0.195347545730536,0,0,0.650727064292423,0
"GSM1007706",0,0.0717724500295462,0.125617273036061,0,0,0.802610276934393,0
"GSM1007707",0.0373154419933382,0.0714251981465612,0.023536853999197,0.132093066192691,0,0.735629439668213,0
"GSM1007708",0,0.0463276495242324,0.0591441009736294,0.144397162638696,0.0352431549007047,0.714887931962737,0
"GSM1007709",0,0.120580344481015,0.114255617068353,0,0,0.765164038450632,0
"GSM1007710",0,0.062217820859582,0.171966950783751,0.0430930490759973,0,0.72272217928067,0
"GSM1007711",0,0.0970179851927896,0.215906520700434,0,0,0.687075494106777,0
"GSM1007712",0,0.105219705371057,0.187733643937992,0.0121184383796848,0,0.694928212311265,0
"GSM1007713",0,0.135534584007015,0.0901295888241995,0,0,0.774335827168786,0
"GSM1007714",0,0.097764781163738,0.0784804313979043,0,0,0.823754787438358,0
"GSM1007715",0,0.0540844913505635,0.130370036801467,0.0722257433808712,0.0296292861136272,0.713690442353471,0
"GSM1007716",0,0.104952966755058,0.0148558075613899,0.0535395101219192,0,0.826651715561633,0
"GSM1007717",0,0.11484989042749,0.165890202955122,0.00540941913601741,0,0.71385048748137,0
"GSM1007718",0,0.106046611144999,0.268962405361957,0,0,0.624990983493044,0
"GSM1007719",0,0.0481284811741659,0.138142939635826,0.0737723114949057,0.0145712859194312,0.725384981775671,0
"GSM1007720",0.00297161653869314,0.0563329929385255,0.118019128397074,0,0,0.822676262125708,0
"GSM1007721",0,0.0452267904307837,0.0896185387781583,0.00610047667574958,0,0.859054194115308,0
"GSM1007722",0,0.0440324152702543,0.0703819847840496,0.106729819747419,0,0.778855780198278,0
"GSM1007723",0,0.00824930165244587,0,0.140755636463485,0,0.850995061884069,0
"GSM1007724",0,0.178813683035693,0.0963885745122243,0,0,0.724797742452083,0
"GSM1007725",0,0.0990213702620814,0.211365138272215,0,0,0.689613491465704,0
"GSM1007726",0,0.12935255623907,0.280935052251196,0,0,0.589712391509734,0
"GSM1007727",0,0.0323948456322495,0.110414029522278,0.058675877183547,0.000950729654681223,0.797564518007244,0
"GSM1007728",0,0.0878838588813986,0.193190229278496,0,0,0.718925911840106,0
"GSM1007729",0,0.0916693724897198,0.09852606726639,0,0,0.80980456024389,0
"GSM1007730",0,0.2103594473551,0.156052605318417,0,0,0.633587947326483,0
"GSM1007731",0,0.171220711466825,0.128060832456652,0,0,0.700718456076523,0
"GSM1007732",0,0.203211692365054,0.137290608531485,0,0,0.659497699103461,0
"GSM1007733",0,0.109483015328288,0.0837496794271608,0,0,0.806767305244552,0
"GSM1007734",0,0.066450489580735,0.0395218772737469,0.0619097539441418,0,0.832117879201376,0
"GSM1007735",0,0.167759831388785,0.192984990879133,0,0,0.639255177732082,0
"GSM1007736",0,0.167155167013135,0.127870382210286,0,0,0.704974450776579,0
"GSM1007737",0,0.0248839952157647,0,0.118110193800756,0,0.857005810983479,0
"GSM1007738",0,0.183388799418527,0.175677891270532,0,0,0.640933309310941,0
"GSM1007739",0,0.192753715091259,0.190482134060809,0,0,0.616764150847932,0
"GSM1007740",0,0.123516608488257,0.103811506285398,0,0,0.772671885226346,0
"GSM1007741",0,0.073908404078578,0.0634523815921265,0.027487022521616,0,0.835152191807679,0
"GSM1007742",0,0.089057698741783,0.105860957782587,0,0,0.80508134347563,0
"GSM1007743",0,0.0686232639635393,0.100148226942625,0,0.0185827553591129,0.812645753734723,0
"GSM1007744",0.00798964283614428,0.120423733058458,0.153729499256029,0,0,0.717857124849368,0
"GSM1007745",0,0.0787378953887262,0.0772956458260908,0.0622752788114266,0,0.781691179973756,0
"GSM1007746",0,0.0454274678002817,0.0818229884672244,0.0743013871569323,0.0195952178732514,0.77885293870231,0
"GSM1007747",0,0.019746119925586,0.193214978392903,0.0480992660302736,0.00907613044406693,0.72986350520717,0
"GSM1007748",0,0.0751287457755804,0.0311925290732494,0.0686701937615231,0,0.825008531389647,0
"GSM1007749",0,0.167025819137676,0.205271685453783,0,0,0.627702495408541,0
"GSM1007750",0,0.102769506743281,0.147970054812463,0,0,0.749260438444257,0
"GSM1007751",0,0.189560407276071,0.187944768064507,0,0,0.622494824659422,0
"GSM1007752",0,0.0964245963883197,0.126687558927629,0.0858512427198311,0.0353353105416359,0.655701291422584,0
"GSM1007753",0,0.0360870221388029,0.0949942841270738,0,0,0.868918693734123,0
"GSM1007754",0,0.0193910345538683,0.0881069419296511,0.0604795458691536,0.000743469133515112,0.831279008513812,0
"GSM1007755",0.000147696287302239,0.0113727584632501,0.269716125360611,0.065788835204801,0.00226279253866812,0.650711792145368,0
"GSM1007756",0,0.125900258503324,0.268763769279349,0.086119389755928,0,0.519216582461399,0
"GSM1007757",0,0.0381613555812438,0.0947347885445824,0.10266530078647,0,0.764438555087703,0
"GSM1007758",0,0.0702150724319007,0.167238698911836,0.0504418875173484,0.0592439901837084,0.652860350955207,0
"GSM1007759",0,0,0.0514195506017224,0.12984726447213,0,0.818733184926147,0
"GSM1007760",0,0,0.0289108797306963,0.272470164736125,0,0.698618955533178,0
"GSM1007761",0,0.014073196949327,0.1733472890208,0.110609886398929,0.0141115999629096,0.687858027668034,0
"GSM1007762",0.028335567672711,0,0.162435848263597,0.0946236486165585,0,0.714604935447133,0
"GSM1007763",0,0,0.118096320300044,0.172692945044433,0,0.709210734655523,0
"GSM1007764",0,0.0496413607673947,0.166303310540158,0.0433049284420849,0.00043583952581195,0.74031456072455,0
"GSM1007765",0,0.0836724282758505,0.178802616408633,0,0,0.737524955315516,0
"GSM1007766",0,0.108826992051017,0.209976001925673,0,0.00648489810851174,0.674712107914799,0
"GSM1007767",0,0.0846852885163761,0.185740153536621,0,0,0.729574557947003,0
"GSM1007768",0,0,0,0.185561015141501,0.00448479655997831,0.80995418829852,0
"GSM1007769",0.0144692470504726,0,0.120930231832936,0.24703150546794,0.00794849275487176,0.609620522893779,0
"GSM1007770",0,0.132492678704209,0.20368989419959,0,0.00233265703804224,0.661484770058159,0
"GSM1007771",0,0.00485030349906456,0.21248588254203,0.00610655666821672,0.00415478928605703,0.772402468004632,0
"GSM1007772",0.0185612154823131,0.00798437244397888,0.194103364074283,0.237291157403951,0.0377781845972311,0.504281705998242,0
"GSM1007773",0,0,0.17396347473559,0.203003159751391,0,0.623033365513019,0
"GSM1007774",0,0.0121040345014599,0.106315982157171,0.0863099154373706,0.00192662744474561,0.793343440459253,0
"GSM1007775",0,0,0,0.202777830551787,0.0628127359058048,0.734409433542408,0
"GSM1007776",0,0.0138648603117043,0.0820195292265837,0.0887874571942575,0,0.815328153267454,0
"GSM1007777",0,0.0637057110047443,0.160638606291213,0.0772571674853375,0,0.698398515218705,0
"GSM1007778",0,0.0388953676407422,0.115201438046092,0.109826101183,0,0.736077093130165,0
"GSM1007779",0,0.0494067796270984,0.185087032828463,0.0888497839846138,0.00773584178170044,0.668920561778124,0
"GSM1007780",0,0.0627384503896426,0.0983720103361679,0.130943969325729,0,0.707945569948461,0
"GSM1007781",0,0.0285528779619148,0,0.239969178105775,0.0226591391459838,0.708818804786327,0
"GSM1007782",0,0.0664271169200009,0.0698705066522285,0,0,0.863702376427771,0
"GSM1007783",0,0.029880756146012,0.138677030336084,0.0825731223743642,0.000970060954416145,0.747899030189124,0
"GSM1007784",0,0.00822310561112522,0.0133986741162304,0.0168116709260985,0,0.961566549346546,0
"GSM1007785",0.00407034487440906,0.0288180632045871,0.177987171397577,0.0209182561762886,0,0.768206164347139,0
"GSM1007786",0,0.0515192123853234,0.168651224946297,0,0,0.77982956266838,0
"GSM1007787",0,0.0290680660269172,0.174791652914807,0.0701056345284906,0,0.726034646529785,0
"GSM1007788",0,0.0325775985283333,0.0794511315692356,0.0329881423015916,0,0.854983127600839,0
"GSM1007789",0.000678810175906275,0,0.226811417797879,0.133577764090533,0,0.638932007935682,0
"GSM1007790",0,0.0371548565850426,0.206020127274131,0.0400032468883453,0,0.716821769252481,0
"GSM1007791",0,0.00962140850196353,0.0932179017058932,0.0378579085583097,0.0151091438594432,0.84419363737439,0
"GSM1007792",0,0,0.18703174107337,0,0.0234611391346099,0.78950711979202,0
"GSM1007793",0,0,0.0437054290840014,0.0622855465440747,0.0379566583425397,0.856052366029384,0
"GSM1007794",0,0,0.115659923767114,0.156991059281303,0,0.727349016951582,0
"GSM1007795",0,0.0229263033777806,0.13271651844612,0.0199043089966308,0.0302593861200888,0.79419348305938,0
"GSM1007796",0,0,0.00611765592944703,0.103534938547674,0,0.890347405522879,0
"GSM1007797",0,0,0.239493617485468,0.113092530404208,0.0299860016505358,0.617427850459787,0
"GSM1007798",0,0.0595689508212351,0.16366394764805,0,0.0285383132253974,0.748228788305318,0
"GSM1007799",0,0,0.0842522942392002,0.139489332278307,0,0.776258373482493,0
"GSM1007800",0,0.0159761151409721,0.120926594902349,0.0538469766714627,0.051972319918383,0.757277993366834,0
"GSM1007801",0,0.0979093253503633,0.241453081675003,0.0308403440532884,0,0.629797248921345,0
"GSM1007802",0,0.0344006912329821,0.193765079267545,0.00688449058572231,0,0.764949738913751,0
"GSM1007803",0,0.0375052830015409,0.238226500727278,0.066970308564588,0.0102841258445081,0.647013781862085,0
"GSM1007804",0,0.0228910604604603,0.0781848671990959,0.285017214505381,0.0412001303156478,0.572706727519415,0
"GSM1007805",0,0,0,0.182867109420325,0,0.817132890579675,0
"GSM1007806",0,0.037462947482329,0.212154692922747,0.0398087073089015,0.0173524889436578,0.693221163342365,0
"GSM1007807",0,0.0171337790967394,0.278314473457917,0,0.00206319609730837,0.702488551348035,0
"GSM1007808",0.00689102202752952,0.0269791981847705,0.287370902379918,0.0617876584605369,0,0.616971218947245,0
"GSM1007809",0,0,0.0248052299765059,0.205514354289046,0.0513196198761204,0.718360795858328,0
"GSM1007810",0,0,0.0217908542385616,0.130064669427827,0.0350663479143181,0.813078128419293,0
"GSM1007811",0,0,0.0366632634068685,0.144458815311147,0,0.818877921281984,0
"GSM1007812",0,0.0450348538493151,0.229970466626523,0.0197630263718397,0,0.705231653152322,0
"GSM1007813",0,0,0.123275443300474,0.00989719054661873,0,0.866827366152907,0
"GSM1007814",0,0.0265841978820135,0.177268400247045,0.0173820834414664,0,0.778765318429475,0
"GSM1007815",0,0.0376432632789664,0.178633514941451,0.0394559339693744,0,0.744267287810208,0
"GSM1007816",0,0,0.0189785085419907,0.232729165348929,0.02177810952349,0.72651421658559,0
"GSM1007817",0.023027080282506,0,0.02075008224384,0.228798147626946,0,0.727424689846708,0
"GSM1007818",0,0.00325687809285838,0.0944596273234411,0.0675168724971326,0.0171836808508773,0.817582941235691,0
"GSM1007819",0,0.00528826137847104,0.212882201032139,0.115282459291173,0.0159502435562517,0.650596834741965,0
"GSM1007820",0,0.013436975557253,0.10099229035753,0.0492996724066019,0,0.836271061678615,0
"GSM1007821",0,0.0603977735339377,0.192760900033672,0.0662977156379958,0,0.680543610794394,0
"GSM1007822",0,0.0257162457394504,0.175608566349063,0.062977037446772,0.00499513210364146,0.730703018361073,0
"GSM1007823",0,0,0.0719279408417619,0.110598728119942,0,0.817473331038296,0
"GSM1007824",0,0.0240133839066172,0.184924554089675,0,0,0.791062062003708,0
"GSM1007825",0,0.0737681314683424,0.142026565802703,0,0.0217541934072537,0.762451109321701,0
"GSM1007826",0,0.00275794651136377,0.0385567914558285,0.185327767926686,0.0164717892861976,0.756885704819924,0
"GSM1007827",0.00837678283178171,0.0436750166050291,0.17059664463247,0.172415800099569,0.0121622568952449,0.592773498935905,0
"GSM1007828",0,0.0128818519616386,0.176293675770225,0.0314008413111905,0.0089134386141299,0.770510192342816,0
"GSM1007829",0,0.0025709842870252,0.189920836174608,0.140323103893066,0,0.6671850756453,0
"GSM1007830",0,0,0.0297997120169793,0.189192924142335,0.038992726951499,0.742014636889187,0
"GSM1007831",0,0.0437635557494619,0.0257432317892213,0.126340110105569,0,0.804153102355747,0
"GSM1007832",0,0.0172351884524471,0.144959870022573,0.062918554154116,0.0308380267347112,0.744048360636152,0
"GSM1007833",0,0.0612204503465674,0.167027144333885,0.0510334474089435,0.0276922313632066,0.693026726547398,0
"GSM1007834",0,0.0703726036761737,0.136294059056428,0,0.0617959513348392,0.731537385932559,0
"GSM1007835",0,0,0.241701685547,0.0746233007890963,0.0193732653484056,0.664301748315498,0
"GSM1007836",0.0333412822333352,0.0439047981993581,0.270642697659976,0.0809991249729915,0.0207853147611594,0.55032678217318,0
"GSM1007837",0.110493526140534,0,0,0.44562087026476,0.0126164867197365,0.431269116874969,0
"GSM1007838",0,0.0425250623040103,0.134601803304287,0.156212137510144,0.0157146158528,0.650946381028758,0
"GSM1007839",0,0,0.141320078440715,0.119442312175141,0,0.739237609384144,0
"GSM1007840",0,0.0348228576358647,0.0240131118075139,0.131919067618351,0.0069568757449356,0.802288087193335,0
"GSM1007841",0.0334306153523654,0,0.205183012473306,0.082452905197977,0.0324344849357629,0.646498982040589,0
"GSM1007842",0,0.0148151115788973,0.188455372339453,0.182040204063604,0,0.614689312018046,0
"GSM1007843",0,0.0427596796623547,0.0395056171259816,0.138912699068013,0,0.778822004143651,0
"GSM1007844",0,0.0679007579010614,0.164076429785001,0.0547286918154113,0,0.713294120498527,0
"GSM1007845",0,0.0818245800661694,0.15226054583024,0.0855901135153664,0.0412173633450844,0.639107397243139,0
"GSM1007846",0,0.073084091872903,0.21315679672508,0,0,0.713759111402017,0
"GSM1007847",0,0.0431680896252261,0.14124877593483,0.0144377497691089,0.0212672413674165,0.779878143303419,0
"GSM1007848",0,0.136436102658849,0.234210069881963,0,0,0.629353827459188,0
